{
  "timestamp": "2025-06-23T13:00:26.227Z",
  "benchmarks": [
    {
      "library": "NexusDI",
      "startup": {
        "avg": 0.0013390470000002779,
        "min": 0.00045799999998052954,
        "max": 0.6591670000000249,
        "iterations": 1000
      },
      "resolution": {
        "avg": 0.00023498959999980115,
        "min": 0.00004099999989648495,
        "max": 0.21729200000004312,
        "iterations": 10000
      },
      "memory": 6,
      "bundle": {
        "core": 32,
        "dependencies": 64,
        "total": 96
      }
    },
    {
      "library": "InversifyJS",
      "startup": {
        "avg": 0.022182064999998828,
        "min": 0.010625000000004547,
        "max": 0.9741669999999658,
        "iterations": 1000
      },
      "resolution": {
        "avg": 0.0013738003000006189,
        "min": 0.00024999999993724487,
        "max": 1.5441670000000158,
        "iterations": 10000
      },
      "memory": 32,
      "bundle": {
        "core": 50,
        "dependencies": 64,
        "total": 114
      }
    },
    {
      "library": "tsyringe",
      "startup": {
        "avg": 0.045228593000001864,
        "min": 0.003375000000005457,
        "max": 0.6323330000000169,
        "iterations": 1000
      },
      "resolution": {
        "avg": 0.0009006898999997816,
        "min": 0.0003329999999550637,
        "max": 0.4449579999999287,
        "iterations": 10000
      },
      "memory": 150,
      "bundle": {
        "core": 35,
        "dependencies": 64,
        "total": 99
      }
    },
    {
      "library": "TypeDI",
      "startup": {
        "avg": 0.0020354270000004816,
        "min": 0.0013329999999314168,
        "max": 0.13383299999998144,
        "iterations": 1000
      },
      "resolution": {
        "avg": 0.00012844420000006948,
        "min": 0.00004100000001017179,
        "max": 0.0342080000000351,
        "iterations": 10000
      },
      "memory": 2,
      "bundle": {
        "core": 25,
        "dependencies": 64,
        "total": 89
      }
    }
  ]
}