{
  "timestamp": "2025-06-23T12:26:39.727Z",
  "nexusdi": {
    "startup": {
      "avg": 0.0006704119999999989,
      "min": 0.0004160000000297259,
      "max": 0.08295900000001666,
      "iterations": 1000
    },
    "resolution": {
      "avg": 0.0002340568999998368,
      "min": 0.00004099999995332837,
      "max": 0.4642499999999927,
      "iterations": 10000
    },
    "memory": 5,
    "bundle": {
      "nexusdi": 32,
      "reflectMetadata": 64,
      "total": 96
    }
  },
  "comparison": {
    "libraries": {
      "inversifyjs": {
        "startup": {
          "avg": 3.5,
          "min": 2,
          "max": 5
        },
        "resolution": {
          "avg": 0.0003,
          "min": 0.0002,
          "max": 0.0005
        },
        "memory": 150,
        "bundle": {
          "core": 50,
          "dependencies": 64,
          "total": 114
        }
      },
      "typedi": {
        "startup": {
          "avg": 1.5,
          "min": 1,
          "max": 2
        },
        "resolution": {
          "avg": 0.0002,
          "min": 0.0001,
          "max": 0.0003
        },
        "memory": 100,
        "bundle": {
          "core": 25,
          "dependencies": 64,
          "total": 89
        }
      },
      "tsyringe": {
        "startup": {
          "avg": 2,
          "min": 1,
          "max": 3
        },
        "resolution": {
          "avg": 0.00025,
          "min": 0.00015,
          "max": 0.0004
        },
        "memory": 120,
        "bundle": {
          "core": 35,
          "dependencies": 64,
          "total": 99
        }
      }
    }
  }
}